Topic;Question;Response
Company Details;What's the story behind your company? Please include details about when it started, crucial developments, and how it currently competes in the marketplace.;"Oktank was founded in 2018 in Austin, Texas as a technology-driven logistics company. Key developments include launching OktankFlow for intelligent supply chain management in 2019, expanding to 12 countries by 2021, and introducing OktankGreen sustainable logistics in 2022. Oktank competes through AI-powered optimization, a focus on sustainability, and a mobile-first approach."
Company Details;List your executive leadership team, including name, title, and relevant experience for each position.;"Sarah Chen, CEO - 15 years in tech startups
John Smith, COO - 20 years in logistics operations 
Maria Garcia, CTO - 10 years leading engineering teams
David Wong, CFO - 18 years in finance for tech companies
Lisa Johnson, Chief Sustainability Officer - 12 years in environmental consulting"
Services;Describe your core logistics services and any specialized offerings you provide.;"Core services: Intelligent supply chain management (OktankFlow), smart warehousing (OktankHub), and sustainable logistics (OktankGreen). Specialized offerings include AI-powered route optimization, real-time cargo tracking, predictive analytics, automated warehouse management, temperature-controlled storage, and carbon footprint tracking."
Services;How do you differentiate your services from competitors in the market?;"Oktank differentiates through proprietary AI technology reducing delivery times by 35%, commitment to 100% carbon-neutral operations by 2025, blockchain-based transparency system, and a mobile-first approach with user-friendly apps. We also offer a unique combination of tech innovation and sustainability focus."
Technology;What proprietary technologies or systems do you use to manage supply chain operations?;"OktankFlow - AI-powered supply chain management platform
OktankHub - Automated warehouse management system
Blockchain-based transparency system
Machine learning algorithms for demand forecasting and route optimization
IoT sensors for real-time tracking and monitoring
Mobile apps for customer interface and last-mile delivery optimization"
Technology;Describe your approach to data security and privacy in your logistics operations.;"Oktank employs end-to-end encryption for all data transmissions, multi-factor authentication for system access, and regular security audits. We comply with GDPR and other relevant data protection regulations. Our blockchain system ensures data integrity and transparency. We also conduct regular employee training on data security best practices."
Sustainability;What specific initiatives have you implemented to reduce your carbon footprint?;"- Transition to 100% electric vehicle fleet by 2025
- Solar-powered warehouses
- Implementation of zero-waste facilities
- Reusable packaging program
- AI-optimized route planning to reduce fuel consumption
- Carbon offset programs for remaining emissions
- Employee incentives for sustainable commuting"
Sustainability;How do you measure and report on your environmental impact?;"We use a comprehensive carbon accounting system that tracks emissions across our entire operation. This includes Scope 1, 2, and 3 emissions. We produce quarterly internal reports and annual public sustainability reports. Key metrics include total carbon emissions, emissions per package delivered, renewable energy usage, and waste reduction."
Network;Describe your global network, including the number of countries you operate in and key hub locations.;"Oktank operates in 12 countries across North America, Europe, and Asia. Key hub locations include:
- Austin, Texas (HQ)
- Los Angeles, California
- New York City, New York
- London, UK
- Frankfurt, Germany
- Singapore
- Tokyo, Japan
We have 25 automated warehouses strategically located near major urban centers."
Network;What partnerships or alliances do you have to extend your service capabilities?;"- Strategic partnership with major e-commerce platforms for seamless integration
- Alliances with local last-mile delivery providers in each market
- Collaboration with electric vehicle manufacturers for fleet electrification
- Partnerships with environmental organizations for sustainability initiatives
- Technology partnerships with leading AI and blockchain companies"
Innovation;How does your company approach innovation in logistics and supply chain management?;"Oktank maintains an innovation-first culture with dedicated R&D teams. We allocate 15% of revenue to innovation initiatives. Our approach includes:
- Regular hackathons and innovation challenges
- Partnerships with universities and tech startups
- Customer feedback loops for continuous improvement
- Agile development methodology for rapid prototyping and deployment
- Cross-functional innovation teams"
Innovation;Provide examples of recent innovations you've introduced to the market.;"- AI-powered dynamic routing system that reduces delivery times by 35%
- Blockchain-based track-and-trace solution for end-to-end supply chain visibility
- Automated warehouse picking system using advanced robotics
- Carbon footprint calculator integrated into customer-facing app
- Predictive maintenance system for fleet vehicles using IoT sensors
- Smart packaging that monitors product condition during transit"
Customer Service;Describe your customer service model and support structure.;"Oktank provides 24/7 customer support through multiple channels:
- AI-powered chatbot for instant responses
- Phone support with dedicated account managers for key clients
- Email support with 2-hour response time guarantee
- Self-service portal for tracking and managing shipments
- Regular customer satisfaction surveys and feedback loops
- Proactive issue resolution using predictive analytics"
Customer Service;What key performance indicators (KPIs) do you use to measure customer satisfaction?;"- Net Promoter Score (NPS)
- Customer Satisfaction Score (CSAT)
- First Contact Resolution Rate
- Average Response Time
- On-Time Delivery Rate
- Order Accuracy Rate
- Issue Resolution Time
- Customer Retention Rate
- App Store Ratings for Mobile App"
Warehousing;Describe your warehousing capabilities, including total square footage and special handling facilities.;"Oktank operates 25 automated warehouses with a total of 5 million square feet of storage space. Special handling facilities include:
- Temperature-controlled zones for perishables
- High-security areas for valuable items
- Hazardous materials storage compliant with regulations
- Clean rooms for electronics and medical supplies
- Automated vertical storage systems for space optimization
- Cross-docking facilities for rapid transshipment"
Warehousing;What automation technologies do you employ in your warehousing operations?;"- Automated Storage and Retrieval Systems (AS/RS)
- Robotic picking and packing systems
- Automated Guided Vehicles (AGVs) for internal transport
- AI-powered inventory management system
- IoT sensors for real-time inventory tracking
- Automated sorting systems
- Computer vision for quality control
- Predictive maintenance systems for equipment"
Transportation;Detail your transportation fleet, including types of vehicles and their environmental ratings.;"Oktank's fleet includes:
- 500 electric delivery vans (zero emissions)
- 200 hybrid long-haul trucks (50% lower emissions than standard)
- 50 electric cargo bikes for urban deliveries
- 20 LNG-powered trucks for long-distance transport
- 5 electric autonomous delivery robots (pilot program)
All vehicles are equipped with IoT sensors for real-time tracking and performance monitoring."
Transportation;How do you optimize route planning and reduce empty miles?;"We use AI-powered route optimization software that considers:
- Real-time traffic data
- Weather conditions
- Vehicle capacity and type
- Delivery time windows
- Historical performance data
- Load consolidation opportunities
This system reduces empty miles by 40% and improves overall fleet efficiency by 25%."
Last-Mile Delivery;What solutions do you offer for last-mile delivery in urban environments?;"- Electric cargo bikes for congested areas
- Micro-fulfillment centers for rapid urban deliveries
- Parcel lockers for 24/7 pickup
- Crowdsourced delivery options for peak periods
- AI-optimized multi-stop routes
- Real-time delivery notifications and live tracking
- Flexible delivery windows including same-day and scheduled options
- Integration with smart home devices for secure deliveries"
Last-Mile Delivery;How do you handle reverse logistics and returns management?;"Our reverse logistics solution includes:
- Easy return initiation through mobile app or web portal
- QR code-based return labels for quick processing
- Automated sorting of returned items at warehouses
- AI-powered quality assessment for returned products
- Integration with client systems for rapid refunds
- Resale or recycling options for returned items
- Data analytics to identify return trends and reduce return rates"
Risk Management;Describe your approach to risk management in the supply chain.;"Oktank's risk management approach includes:
- Real-time monitoring of global events affecting supply chains
- Predictive analytics to identify potential disruptions
- Diversified supplier network to mitigate single points of failure
- Regular risk assessments and scenario planning
- Cybersecurity measures to protect against data breaches
- Insurance coverage for various risk scenarios
- Compliance monitoring for regulatory changes
- Employee training on risk identification and mitigation"
Risk Management;What contingency plans do you have in place for major disruptions?;"Our contingency plans include:
- Backup data centers and cloud-based systems for business continuity
- Alternative routing options for each major shipping lane
- Emergency supplier agreements for critical components
- Cross-training of employees for operational flexibility
- Mobile command centers for on-site crisis management
- Regular drills and simulations of disruption scenarios
- Financial reserves for managing extended disruptions
- Communication protocols for stakeholder updates during crises"
Compliance;How do you ensure compliance with international trade regulations and customs requirements?;"Oktank ensures compliance through:
- Dedicated compliance team monitoring regulatory changes
- Automated customs documentation system
- Regular training for staff on international trade regulations
- Partnerships with local customs brokers in each market
- Use of AI to flag potential compliance issues in shipments
- Regular internal and external audits of compliance processes
- Membership in trade associations for up-to-date information
- Blockchain-based system for transparent documentation"
Compliance;Describe your quality management system and any relevant certifications.;"Our quality management system is based on ISO 9001:2015 standards. We hold the following certifications:
- ISO 9001:2015 (Quality Management)
- ISO 14001:2015 (Environmental Management)
- ISO 27001:2013 (Information Security)
- TAPA FSR Class A (Freight Security)
- C-TPAT certification (U.S. Customs-Trade Partnership Against Terrorism)
We conduct regular internal audits and annual external audits to maintain these certifications."
Pricing;Provide an overview of your pricing model for logistics services.;"Oktank uses a flexible, modular pricing model:
- Base rate for standard services
- Add-on fees for specialized services (e.g., temperature control, high-value items)
- Volume-based discounts for large shipments
- Performance-based pricing options tied to KPIs
- Subscription models for regular shippers
- Dynamic pricing for peak periods
- Sustainability-linked pricing options
Clients can choose a combination that best fits their needs and budget."
Pricing;What value-added services do you offer, and how are they priced?;"Value-added services include:
- Custom packaging solutions (priced per unit)
- Kitting and assembly (hourly rate)
- Labeling and branding (per item fee)
- Inventory management (monthly subscription)
- Returns processing (per item fee)
- Data analytics and reporting (tiered pricing based on depth of analysis)
- Consulting services for supply chain optimization (daily or project-based rates)
- Carbon offset programs (priced per ton of CO2)"
Technology Integration;How does your system integrate with clients' existing ERP or inventory management systems?;"Oktank offers multiple integration options:
- API-based integration for real-time data exchange
- EDI support for traditional systems
- Pre-built connectors for major ERP systems (SAP, Oracle, etc.)
- Custom integration development for unique client needs
- Web-based portal for manual data entry if needed
- Middleware solutions for complex integrations
- Regular data synchronization to ensure accuracy"
Technology Integration;What level of visibility and tracking do you provide to clients throughout the supply chain?;"We provide end-to-end visibility including:
- Real-time GPS tracking of shipments
- IoT sensor data on package conditions (temperature, shock, etc.)
- Predictive ETA updates
- Customizable alerts and notifications
- Detailed chain of custody information
- Performance analytics and KPI dashboards
- Historical data for trend analysis
- Integration with client systems for seamless visibility"
Sustainability Reporting;Do you provide regular sustainability reports to clients? If so, what metrics are included?;"Yes, we provide quarterly sustainability reports to clients. Metrics include:
- Carbon emissions per shipment
- Total carbon footprint reduction
- Renewable energy usage in operations
- Waste reduction and recycling rates
- Water usage in facilities
- Sustainable packaging usage
- Electric vehicle miles driven
- Biodiversity impact of operations
Clients can also access real-time sustainability data through our dashboard."
Employee Development;Describe your approach to employee training and development in logistics operations.;"Our employee development approach includes:
- Comprehensive onboarding program for all new hires
- Regular skills assessments and personalized learning paths
- Online learning platform with courses on logistics, technology, and soft skills
- Mentorship programs pairing junior and senior staff
- Cross-functional training to promote versatility
- Leadership development program for high-potential employees
- Tuition reimbursement for relevant external courses and certifications
- Annual innovation challenges to encourage creative problem-solving"
Future Plans;What are your company's growth plans for the next 3-5 years?;"Oktank's growth plans include:
- Expansion into 10 new countries, focusing on emerging markets
- Doubling our automated warehouse network to 50 facilities
- Achieving 100% electric vehicle fleet by 2025
- Launching new AI-powered supply chain optimization tools
- Developing blockchain-based end-to-end supply chain transparency solution
- Establishing strategic partnerships in e-commerce and manufacturing sectors
- Investing in drone and autonomous vehicle delivery capabilities
- Targeting 30% year-over-year revenue growth"
Future Plans;How are you preparing for emerging trends in logistics, such as autonomous vehicles or drone delivery?;"We're preparing for future trends through:
- R&D investments in autonomous vehicle technology
- Pilot programs for drone delivery in urban areas
- Partnerships with tech companies for AI and machine learning advancements
- Development of 5G-enabled IoT solutions for enhanced connectivity
- Exploration of quantum computing for complex optimization problems
- Investment in augmented reality for warehouse operations
- Research into sustainable packaging materials and processes
- Talent acquisition in emerging tech fields relevant to logistics"
